City_ID,City,Country,Date,Lat,Lng,Max Temp,Humidity,Cloudiness,Wind Speed
0,Cherskiy,RU,2021-10-09 04:52:48,68.75,161.3,6.76,95,67,1.66
1,New Norfolk,AU,2021-10-09 04:52:48,-42.7826,147.0587,62.1,52,94,4.0
2,Nikolskoye,RU,2021-10-09 04:52:49,59.7035,30.7861,51.87,74,100,6.96
3,Conde,BR,2021-10-09 04:52:49,-7.2597,-34.9075,74.66,94,20,4.61
4,Copiapo,CL,2021-10-09 04:52:49,-27.3667,-70.3333,47.89,68,0,2.3
5,Puerto Ayora,EC,2021-10-09 04:52:50,-0.7393,-90.3518,67.55,98,100,4.0
6,Kapit,MY,2021-10-09 04:52:50,2.0167,112.9333,96.24,44,32,2.39
7,Albany,US,2021-10-09 04:49:14,42.6001,-73.9662,60.76,82,98,6.96
8,Cairns,AU,2021-10-09 04:51:41,-16.9167,145.7667,91.06,53,40,12.66
9,Izumo,JP,2021-10-09 04:52:51,35.3667,132.7667,80.49,69,40,18.41
10,Yar-Sale,RU,2021-10-09 04:52:51,66.8333,70.8333,33.3,89,100,18.45
11,Tuktoyaktuk,CA,2021-10-09 04:52:51,69.4541,-133.0374,28.4,100,90,8.05
12,Cape Town,ZA,2021-10-09 04:51:10,-33.9258,18.4232,59.09,84,75,6.91
13,Hasaki,JP,2021-10-09 04:52:52,35.7333,140.8333,75.6,82,92,14.94
14,Cockburn Town,TC,2021-10-09 04:52:52,21.4612,-71.1419,82.18,78,4,12.95
15,Xinzhi,CN,2021-10-09 04:52:52,36.4989,111.7047,59.43,88,100,1.57
16,Carnarvon,AU,2021-10-09 04:52:53,-24.8667,113.6333,69.87,56,0,25.32
17,Khatanga,RU,2021-10-09 04:52:53,71.9667,102.5,22.55,95,99,2.84
18,Jamestown,US,2021-10-09 04:52:51,42.097,-79.2353,69.39,85,75,5.01
19,Dikson,RU,2021-10-09 04:52:54,73.5069,80.5464,29.28,65,100,23.33
20,Bethel,US,2021-10-09 04:52:54,41.3712,-73.414,62.76,86,20,1.99
21,Longyearbyen,SJ,2021-10-09 04:48:07,78.2186,15.6401,15.64,79,0,11.5
22,Whitehorse,CA,2021-10-09 04:50:32,60.7161,-135.0538,38.17,86,75,11.01
23,Hermanus,ZA,2021-10-09 04:52:55,-34.4187,19.2345,58.8,85,8,11.03
24,Mataura,NZ,2021-10-09 04:52:55,-46.1927,168.8643,53.47,47,32,5.57
25,Pisco,PE,2021-10-09 04:52:55,-13.7,-76.2167,62.65,88,90,2.3
26,Odesskoye,RU,2021-10-09 04:52:56,54.2111,72.9651,45.97,48,3,13.65
27,Vestmannaeyjar,IS,2021-10-09 04:52:56,63.4427,-20.2734,48.34,86,40,15.86
28,Callaway,US,2021-10-09 04:52:56,30.153,-85.5699,75.13,80,1,1.99
29,Olinda,BR,2021-10-09 04:52:58,-8.0089,-34.8553,78.53,78,40,8.05
30,Kaitangata,NZ,2021-10-09 04:52:58,-46.2817,169.8464,55.08,64,66,6.78
31,Kapaa,US,2021-10-09 04:52:58,22.0752,-159.319,79.12,70,40,5.01
32,Impfondo,CG,2021-10-09 04:52:59,1.6381,18.0667,70.83,90,100,2.48
33,Nanortalik,GL,2021-10-09 04:52:59,60.1432,-45.2371,37.04,62,0,5.17
34,Atuona,PF,2021-10-09 04:50:54,-9.8,-139.0333,78.03,76,15,15.79
35,Tiarei,PF,2021-10-09 04:52:59,-17.5333,-149.3333,78.82,69,36,2.68
36,Paamiut,GL,2021-10-09 04:53:00,61.994,-49.6678,34.48,50,0,4.79
37,Chokurdakh,RU,2021-10-09 04:53:00,70.6333,147.9167,18.95,96,100,4.59
38,Rikitea,PF,2021-10-09 04:53:00,-23.1203,-134.9692,74.19,80,78,10.96
39,Sao Filipe,CV,2021-10-09 04:53:01,14.8961,-24.4956,79.27,81,50,7.96
40,Busselton,AU,2021-10-09 04:53:01,-33.65,115.3333,63.05,48,80,5.68
41,Port Alfred,ZA,2021-10-09 04:53:01,-33.5906,26.891,63.93,72,54,17.25
42,Saint-Philippe,RE,2021-10-09 04:53:02,-21.3585,55.7679,74.75,80,78,14.05
43,Saskylakh,RU,2021-10-09 04:53:02,71.9167,114.0833,12.15,98,92,1.43
44,Otane,NZ,2021-10-09 04:53:03,-39.8833,176.6333,62.38,65,43,5.95
45,Necochea,AR,2021-10-09 04:53:03,-38.5473,-58.7368,46.08,85,4,9.71
46,Vanavara,RU,2021-10-09 04:53:03,60.34,102.2797,35.74,96,100,14.32
47,Ankang,CN,2021-10-09 04:53:04,32.68,109.0172,65.66,72,99,2.06
48,Thompson,CA,2021-10-09 04:53:04,55.7435,-97.8558,28.56,86,1,0.0
49,Mar Del Plata,AR,2021-10-09 04:53:04,-38.0023,-57.5575,50.88,89,0,1.01
50,Strelka,RU,2021-10-09 04:53:05,58.0728,93.0344,44.44,80,100,15.01
51,Yellowknife,CA,2021-10-09 04:53:05,62.456,-114.3525,37.92,96,20,6.91
52,Ushuaia,AR,2021-10-09 04:51:31,-54.8,-68.3,37.06,75,40,11.5
53,Upernavik,GL,2021-10-09 04:53:06,72.7868,-56.1549,27.25,63,77,10.89
54,Bredasdorp,ZA,2021-10-09 04:53:06,-34.5322,20.0403,58.28,87,20,8.05
55,Kodiak,US,2021-10-09 04:53:06,57.79,-152.4072,42.46,83,66,13.11
56,Lebu,CL,2021-10-09 04:53:07,-37.6167,-73.65,48.58,93,9,12.93
57,Souillac,MU,2021-10-09 04:53:07,-20.5167,57.5167,74.35,78,40,8.05
58,Brae,GB,2021-10-09 04:53:07,60.3964,-1.353,53.51,98,100,10.0
59,Dingtao,CN,2021-10-09 04:53:08,35.0683,115.5625,66.06,82,99,6.22
60,Asyut,EG,2021-10-09 04:53:08,27.181,31.1837,70.29,67,0,9.46
61,Araguacu,BR,2021-10-09 04:53:08,-12.9306,-49.8264,83.53,40,33,0.81
62,Hithadhoo,MV,2021-10-09 04:53:09,-0.6,73.0833,82.94,71,91,8.9
63,Mahebourg,MU,2021-10-09 04:53:09,-20.4081,57.7,74.25,78,40,8.05
64,Victoria,HK,2021-10-09 04:50:07,22.2855,114.1577,84.16,92,100,1.01
65,Wattegama,LK,2021-10-09 04:53:09,6.7989,81.4808,86.92,45,88,8.37
66,Castro,BR,2021-10-09 04:53:10,-24.7911,-50.0119,55.8,97,100,7.02
67,Punta Arenas,CL,2021-10-09 04:50:04,-53.15,-70.9167,39.31,70,0,10.36
68,Hobart,AU,2021-10-09 04:53:10,-42.8794,147.3294,62.46,63,40,3.0
69,Tecoanapa,MX,2021-10-09 04:53:11,16.5167,-98.75,77.72,91,100,3.27
70,Namibe,AO,2021-10-09 04:53:11,-15.1961,12.1522,62.69,81,40,3.49
71,Roverud,NO,2021-10-09 04:53:11,60.2521,12.055,55.04,99,100,3.06
72,Rio Gallegos,AR,2021-10-09 04:51:34,-51.6226,-69.2181,39.25,65,0,5.75
73,Leningradskiy,RU,2021-10-09 04:53:12,69.3833,178.4167,22.03,93,100,2.06
74,Eenhana,NA,2021-10-09 04:53:12,-17.4667,16.3333,70.95,29,13,6.31
75,Velikiy Ustyug,RU,2021-10-09 04:53:12,60.7644,46.3106,44.67,95,100,5.61
76,Norman Wells,CA,2021-10-09 04:53:13,65.282,-126.8329,33.84,93,75,5.75
77,Nikolayevskaya,RU,2021-10-09 04:53:13,47.6139,41.5023,43.81,40,60,14.52
78,Mbekenyera,TZ,2021-10-09 04:53:13,-10.0,38.9833,75.06,64,3,3.22
79,Lorengau,PG,2021-10-09 04:53:14,-2.0226,147.2712,85.37,63,60,8.32
80,Bluff,NZ,2021-10-09 04:53:14,-46.6,168.3333,53.8,68,35,7.43
81,Alice Springs,AU,2021-10-09 04:53:15,-23.7,133.8833,99.95,8,2,19.57
82,Gawler,AU,2021-10-09 04:49:42,-34.6,138.7333,69.6,64,70,15.17
83,West Fargo,US,2021-10-09 04:51:05,46.875,-96.9004,64.45,82,90,5.99
84,Faanui,PF,2021-10-09 04:53:15,-16.4833,-151.75,78.64,69,19,4.21
85,Sitka,US,2021-10-09 04:53:15,57.0531,-135.33,49.89,76,90,17.27
86,Jackson,US,2021-10-09 04:50:37,42.4165,-122.8345,52.75,67,86,0.96
87,Bengkulu,ID,2021-10-09 04:53:16,-3.8004,102.2655,85.78,67,11,13.18
88,Korla,CN,2021-10-09 04:53:16,41.7597,86.1469,47.34,30,0,8.08
89,Tera,NE,2021-10-09 04:53:17,14.0078,0.7531,83.44,23,56,2.13
90,Rutul,RU,2021-10-09 04:53:17,41.5357,47.4239,38.3,55,14,2.71
91,Auki,SB,2021-10-09 04:53:17,-8.7676,160.7034,83.39,73,63,1.88
92,Mindelo,CV,2021-10-09 04:53:18,16.8901,-24.9804,78.35,83,40,13.8
93,Green Valley,US,2021-10-09 04:53:18,31.8543,-110.9937,77.07,42,3,6.22
94,Vaini,TO,2021-10-09 04:53:18,-21.2,-175.2,80.76,89,20,4.61
95,Itarema,BR,2021-10-09 04:53:09,-2.9248,-39.9167,79.57,78,82,15.01
96,Hilo,US,2021-10-09 04:53:40,19.7297,-155.09,75.27,90,99,5.01
97,Delijan,IR,2021-10-09 04:53:40,33.9905,50.6838,55.45,50,0,3.02
98,Vershino-Darasunskiy,RU,2021-10-09 04:53:40,52.35,115.5167,39.74,44,100,7.23
99,Atar,MR,2021-10-09 04:53:41,20.5169,-13.0499,84.85,12,99,10.31
100,Salinopolis,BR,2021-10-09 04:53:41,-0.6136,-47.3561,78.85,86,35,7.92
101,Noci,IT,2021-10-09 04:53:42,40.7907,17.1317,56.48,100,40,6.91
102,Manggar,ID,2021-10-09 04:53:42,-2.8833,108.2667,86.02,65,88,11.74
103,Praia Da Vitoria,PT,2021-10-09 04:49:06,38.7333,-27.0667,66.76,77,20,11.43
104,Ilulissat,GL,2021-10-09 04:53:42,69.2167,-51.1,9.86,69,27,6.58
105,Coquimbo,CL,2021-10-09 04:51:20,-29.9533,-71.3436,51.53,87,0,6.91
106,Butaritari,KI,2021-10-09 04:53:07,3.0707,172.7902,82.2,77,13,14.97
107,Barrow,US,2021-10-09 04:53:43,71.2906,-156.7887,28.2,93,100,16.31
108,Iskateley,RU,2021-10-09 04:53:43,67.6803,53.1512,35.2,65,99,11.81
109,Coahuayana,MX,2021-10-09 04:53:44,18.7333,-103.6833,79.14,91,99,3.83
110,Vrangel,RU,2021-10-09 04:53:44,42.7297,133.0839,63.61,63,78,9.31
111,Provideniya,RU,2021-10-09 04:53:44,64.3833,-173.3,32.25,84,100,7.34
112,Bubaque,GW,2021-10-09 04:53:45,11.2833,-15.8333,82.81,78,98,9.62
113,Kilindoni,TZ,2021-10-09 04:53:45,-7.9139,39.6668,78.1,73,3,11.18
114,Seguela,CI,2021-10-09 04:53:45,7.9611,-6.6731,70.66,96,93,3.6
115,Alghero,IT,2021-10-09 04:53:46,40.5589,8.3181,53.69,94,0,2.3
116,San Blas,MX,2021-10-09 04:53:46,21.5167,-105.2667,82.78,86,58,2.17
117,Gainesville,US,2021-10-09 04:53:46,29.6516,-82.3248,73.74,89,90,0.0
118,Dalvik,IS,2021-10-09 04:53:47,65.9702,-18.5286,40.93,97,100,1.45
119,Illela,NG,2021-10-09 04:53:47,13.7292,5.2975,81.97,29,13,8.12
120,Namatanai,PG,2021-10-09 04:53:47,-3.6667,152.4333,79.05,86,100,6.71
121,Bemidji,US,2021-10-09 04:53:48,47.4736,-94.8803,62.89,100,90,6.91
122,Lakes Entrance,AU,2021-10-09 04:53:48,-37.8811,147.981,80.17,41,100,2.46
123,Jagraon,IN,2021-10-09 04:53:49,30.7833,75.4833,89.28,30,0,3.85
124,Gigmoto,PH,2021-10-09 04:53:49,13.7796,124.39,81.45,89,100,17.36
125,Hofn,IS,2021-10-09 04:53:49,64.2539,-15.2082,48.52,88,97,3.18
126,Lasa,IT,2021-10-09 04:53:50,46.6166,10.7002,47.28,79,7,2.46
127,Quatre Cocos,MU,2021-10-09 04:53:50,-20.2078,57.7625,74.08,75,38,15.08
128,Contai,IN,2021-10-09 04:53:50,21.7786,87.7536,87.1,70,60,0.74
129,Ponta Do Sol,PT,2021-10-09 04:53:51,32.6667,-17.1,72.23,71,77,4.43
130,Qaanaaq,GL,2021-10-09 04:52:07,77.484,-69.3632,18.52,68,79,9.17
131,Berezovyy,RU,2021-10-09 04:53:51,51.6667,135.7,50.02,60,100,3.02
132,Zyryanka,RU,2021-10-09 04:53:51,65.75,150.85,27.01,54,44,2.71
133,Sobolevo,RU,2021-10-09 04:53:52,54.4299,31.8996,35.85,82,0,3.0
134,Fort Nelson,CA,2021-10-09 04:48:59,58.8053,-122.7002,42.39,56,75,3.44
135,Road Town,VG,2021-10-09 04:53:52,18.4167,-64.6167,82.2,75,98,15.17
136,Half Moon Bay,US,2021-10-09 04:53:53,37.4636,-122.4286,58.86,82,1,0.0
137,Grindavik,IS,2021-10-09 04:53:53,63.8424,-22.4338,46.87,100,75,14.97
138,Marawi,PH,2021-10-09 04:53:53,7.9986,124.2928,70.65,94,100,2.3
139,Port Hueneme,US,2021-10-09 04:53:54,34.1478,-119.1951,62.98,83,57,6.76
140,Katsuura,JP,2021-10-09 04:53:54,35.1333,140.3,78.84,80,64,12.12
141,Georgetown,MY,2021-10-09 04:52:10,5.4112,100.3354,91.33,71,40,5.99
142,Beringovskiy,RU,2021-10-09 04:53:54,63.05,179.3167,32.22,97,100,15.32
143,Catio,GW,2021-10-09 04:53:55,11.2833,-15.25,80.02,87,93,4.5
144,Torbay,CA,2021-10-09 04:53:55,47.6666,-52.7314,47.26,91,90,42.57
145,Seoul,KR,2021-10-09 04:53:55,37.5683,126.9778,80.08,69,0,6.91
146,Vila,PT,2021-10-09 04:53:56,42.0304,-8.1588,53.33,65,100,3.15
147,Devonport,AU,2021-10-09 04:50:53,-41.1667,146.35,60.1,82,88,14.56
148,Caravelas,BR,2021-10-09 04:53:56,-17.7125,-39.2481,73.17,75,99,10.0
149,Kitimat,CA,2021-10-09 04:48:59,54.0524,-128.6534,47.91,27,100,3.0
150,Elko,US,2021-10-09 04:53:57,41.0002,-115.5012,43.74,88,100,5.99
151,Saint-Felicien,CA,2021-10-09 04:53:57,48.6501,-72.4491,50.0,87,90,3.44
152,Quimper,FR,2021-10-09 04:53:58,48.0,-4.1,52.36,93,0,3.44
153,Evensk,RU,2021-10-09 04:53:58,61.95,159.2333,30.79,44,16,0.36
154,Ejutla De Crespo,MX,2021-10-09 04:53:58,16.5667,-96.7333,60.64,90,98,4.92
155,Lubao,PH,2021-10-09 04:53:59,14.9167,120.55,90.14,62,94,2.77
156,Shieli,KZ,2021-10-09 04:53:59,44.1667,66.75,55.89,28,56,3.53
157,Sangar,RU,2021-10-09 04:53:59,63.9242,127.4739,30.11,94,100,11.07
158,Ust-Ishim,RU,2021-10-09 04:54:00,57.6935,71.1665,45.54,69,44,11.16
159,Severo-Kurilsk,RU,2021-10-09 04:54:00,50.6789,156.125,46.29,75,20,18.03
160,Adrar,MR,2021-10-09 04:54:00,20.5022,-10.0711,83.82,10,95,9.89
161,Ingham,US,2021-10-09 04:54:01,42.6,-84.3833,63.25,96,40,0.0
162,Puerto Ayacucho,VE,2021-10-09 04:54:01,5.6639,-67.6236,75.33,91,97,2.59
163,Hualmay,PE,2021-10-09 04:54:01,-11.0964,-77.6139,61.88,92,77,9.71
164,Yerbogachen,RU,2021-10-09 04:54:02,61.2767,108.0108,35.15,96,100,14.47
165,Padang,ID,2021-10-09 04:54:02,-0.9492,100.3543,86.05,71,84,5.37
166,Havre,FR,2021-10-09 04:54:03,49.5833,0.3333,48.58,93,4,4.61
167,Nizwa,OM,2021-10-09 04:54:03,22.9333,57.5333,88.27,30,1,2.28
168,Bambous Virieux,MU,2021-10-09 04:54:03,-20.3428,57.7575,74.21,78,40,8.05
169,Kruisfontein,ZA,2021-10-09 04:54:04,-34.0033,24.7314,60.46,73,63,20.87
170,Aguimes,ES,2021-10-09 04:54:04,27.9054,-15.4461,68.63,75,20,13.8
171,Avarua,CK,2021-10-09 04:54:04,-21.2078,-159.775,75.25,69,20,3.44
172,Shimoda,JP,2021-10-09 04:54:05,34.6667,138.95,79.16,72,22,11.36
173,Husavik,IS,2021-10-09 04:54:05,66.0449,-17.3389,40.91,94,97,4.85
174,Aksarka,RU,2021-10-09 04:54:05,66.5606,67.7975,36.25,61,90,20.07
175,Lompoc,US,2021-10-09 04:54:06,34.6391,-120.4579,57.56,80,1,4.61
176,Vila Franca Do Campo,PT,2021-10-09 04:54:06,37.7167,-25.4333,67.19,85,6,6.87
177,Luderitz,NA,2021-10-09 04:54:06,-26.6481,15.1594,57.72,49,29,10.6
178,Nome,US,2021-10-09 04:52:37,64.5011,-165.4064,39.27,81,90,6.91
179,Saldanha,ZA,2021-10-09 04:54:07,-33.0117,17.9442,48.25,84,11,5.75
180,Juneau,US,2021-10-09 04:54:07,58.3019,-134.4197,42.85,99,100,5.99
181,Vila Velha,BR,2021-10-09 04:54:07,-20.3297,-40.2925,69.75,83,90,5.75
182,Menomonie,US,2021-10-09 04:54:08,44.8755,-91.9193,61.39,94,53,4.63
183,Burnie,AU,2021-10-09 04:54:08,-41.0667,145.9167,55.94,83,90,14.63
184,Los Llanos De Aridane,ES,2021-10-09 04:54:08,28.6585,-17.9182,65.95,49,0,9.22
185,Bodden Town,KY,2021-10-09 04:54:09,19.2833,-81.25,82.0,88,100,1.01
186,Dalbandin,PK,2021-10-09 04:54:09,28.8947,64.4101,80.74,13,0,10.29
187,Chuy,UY,2021-10-09 04:54:09,-33.6971,-53.4616,52.66,84,34,7.16
188,Arman,RU,2021-10-09 04:49:39,59.7,150.1667,36.82,45,12,4.07
189,Bintulu,MY,2021-10-09 04:54:10,3.1667,113.0333,91.81,62,20,3.0
190,Hovd,MN,2021-10-09 04:54:10,48.0056,91.6419,39.6,30,2,4.09
191,Takoradi,GH,2021-10-09 04:54:11,4.8845,-1.7554,76.71,92,95,5.37
192,Ternate,ID,2021-10-09 04:54:11,0.8,127.4,84.78,72,52,9.42
193,Tura,IN,2021-10-09 04:54:11,25.5198,90.2201,86.45,60,6,3.02
194,Pevek,RU,2021-10-09 04:54:12,69.7008,170.3133,25.48,77,100,0.83
195,Tateyama,JP,2021-10-09 04:54:12,34.9833,139.8667,79.07,77,65,10.6
196,Gweta,BW,2021-10-09 04:54:13,-20.1833,25.2333,79.18,30,0,5.59
197,Tasiilaq,GL,2021-10-09 04:54:13,65.6145,-37.6368,30.58,82,100,2.37
198,Fortuna,US,2021-10-09 04:53:46,40.5982,-124.1573,54.66,63,97,3.44
199,Kurumkan,RU,2021-10-09 04:54:13,54.3,110.3,42.53,55,44,1.7
200,Lata,PT,2021-10-09 04:54:14,40.1629,-8.3327,61.81,89,91,1.3
201,Ostrovnoy,RU,2021-10-09 04:54:14,68.0531,39.5131,34.83,86,98,4.36
202,Cabo San Lucas,MX,2021-10-09 04:54:14,22.8909,-109.9124,81.61,71,5,6.58
203,San Quintin,MX,2021-10-09 04:54:15,30.4833,-115.95,66.65,78,6,16.22
204,Champerico,GT,2021-10-09 04:54:15,14.3,-91.9167,83.35,80,85,2.57
205,Pontivy,FR,2021-10-09 04:52:08,48.0,-3.0,48.78,89,6,4.61
206,Stony Point,US,2021-10-09 04:54:16,41.2295,-73.9871,66.54,80,98,6.24
207,Russell,US,2021-10-09 04:51:26,32.3502,-85.1999,69.08,91,1,4.61
208,Poltava,UA,2021-10-09 04:54:16,49.5937,34.5407,36.95,39,35,11.52
209,Andenes,NO,2021-10-09 04:54:16,69.3143,16.1194,48.18,93,75,18.41
210,Salalah,OM,2021-10-09 04:54:17,17.0151,54.0924,82.94,68,15,4.47
211,Riohacha,CO,2021-10-09 04:54:17,11.5444,-72.9072,79.34,83,31,7.87
212,Videira,BR,2021-10-09 04:54:17,-27.0083,-51.1517,57.49,98,100,4.56
213,Esperance,AU,2021-10-09 04:54:18,-33.8667,121.9,58.84,56,97,13.49
214,Baniyas,SY,2021-10-09 04:54:18,35.1819,35.9487,66.49,27,0,2.95
215,San Antonio,US,2021-10-09 04:49:54,29.4241,-98.4936,76.1,70,1,1.01
216,Ugoofaaru,MV,2021-10-09 04:54:18,5.6667,73.0,83.21,78,85,16.35
217,Bandarbeyla,SO,2021-10-09 04:54:19,9.4942,50.8122,81.91,71,26,20.2
218,Bathsheba,BB,2021-10-09 04:54:19,13.2167,-59.5167,81.21,78,40,21.85
219,Huntsville,US,2021-10-09 04:51:25,34.7304,-86.5861,66.96,96,1,1.01
220,Lodja,CD,2021-10-09 04:54:20,-3.4833,23.4333,70.36,95,88,1.54
221,Bam,IR,2021-10-09 04:54:20,29.106,58.357,76.89,24,0,9.19
222,Airai,TL,2021-10-09 04:54:20,-8.9266,125.4092,82.67,25,40,6.71
223,Prince Rupert,CA,2021-10-09 04:54:21,54.3161,-130.3201,47.89,88,90,19.57
224,Acapulco,MX,2021-10-09 04:49:56,16.8634,-99.8901,79.7,83,100,3.62
225,Miquelon,PM,2021-10-09 04:54:21,47.0975,-56.3814,48.07,65,26,35.81
226,Zaysan,KZ,2021-10-09 04:54:21,47.4667,84.8667,44.64,37,0,4.59
227,San Carlos,VE,2021-10-09 04:54:22,9.6612,-68.5827,74.5,93,100,2.42
228,Oborniki,PL,2021-10-09 04:54:22,52.6474,16.8141,40.15,64,0,7.65
229,Jimma,ET,2021-10-09 04:54:22,7.6667,36.8333,62.74,95,99,1.16
230,Manokwari,ID,2021-10-09 04:54:23,-0.8667,134.0833,83.86,78,74,7.09
231,Oranjemund,NA,2021-10-09 04:54:23,-28.55,16.4333,56.37,81,56,6.96
232,Saint-Leu,RE,2021-10-09 04:54:23,-21.15,55.2833,74.23,68,6,7.74
233,Doha,QA,2021-10-09 04:50:00,25.2867,51.5333,93.18,50,0,10.36
234,Mountain Home,US,2021-10-09 04:54:24,43.133,-115.6912,51.28,93,90,5.75
235,Geraldton,AU,2021-10-09 04:54:24,-28.7667,114.6,72.01,35,1,19.57
236,Talnakh,RU,2021-10-09 04:54:25,69.4865,88.3972,28.81,90,100,6.98
237,Hambantota,LK,2021-10-09 04:54:25,6.1241,81.1185,88.14,74,40,12.66
238,Novokizhinginsk,RU,2021-10-09 04:54:26,51.6115,109.5917,38.89,56,98,10.27
239,Srednekolymsk,RU,2021-10-09 04:54:26,67.45,153.6833,20.03,83,80,2.04
240,Nishihara,JP,2021-10-09 04:54:26,26.1842,127.7558,86.05,77,40,13.8
241,Kamenka,RU,2021-10-09 04:54:27,51.3223,42.7678,40.51,63,51,4.27
242,Abancay,PE,2021-10-09 04:54:27,-13.6339,-72.8814,60.3,89,92,2.73
243,Shizilu,CN,2021-10-09 04:54:27,35.1711,118.8289,78.51,72,86,1.68
244,Ribeira Grande,PT,2021-10-09 04:54:28,38.5167,-28.7,69.26,65,55,8.66
245,Sisimiut,GL,2021-10-09 04:54:28,66.9395,-53.6735,27.39,58,9,8.05
246,Manzhouli,CN,2021-10-09 04:54:29,49.6,117.4333,36.03,97,100,12.59
247,Werda,BW,2021-10-09 04:54:29,-25.2667,23.2833,63.59,12,0,5.79
248,Port Hardy,CA,2021-10-09 04:54:29,50.6996,-127.4199,50.18,93,90,5.75
249,Kahului,US,2021-10-09 04:54:30,20.8947,-156.47,78.06,84,16,5.99
250,Shar,KZ,2021-10-09 04:54:30,49.5886,81.0453,46.62,45,6,12.95
251,Ulaangom,MN,2021-10-09 04:54:30,49.9811,92.0667,42.6,33,9,3.36
252,Tongzi,CN,2021-10-09 04:54:31,28.7829,105.0877,67.39,84,100,5.79
253,Mogadishu,SO,2021-10-09 04:52:07,2.0371,45.3438,80.47,94,40,11.5
254,San Patricio,US,2021-10-09 04:54:31,28.017,-97.5169,78.84,69,9,6.82
255,Bilibino,RU,2021-10-09 04:54:31,68.0546,166.4372,6.12,96,47,3.18
256,The Valley,AI,2021-10-09 04:54:32,18.217,-63.0578,84.06,71,100,18.5
257,Quelimane,MZ,2021-10-09 04:54:32,-17.8786,36.8883,62.55,88,0,1.99
258,Agropoli,IT,2021-10-09 04:54:33,40.3469,14.9966,62.76,83,93,6.46
259,Erzin,TR,2021-10-09 04:54:33,36.9559,36.2,57.72,23,0,3.53
260,Lensk,RU,2021-10-09 04:54:33,60.7253,114.9278,35.58,82,100,12.21
261,Ancud,CL,2021-10-09 04:54:34,-41.8697,-73.8203,44.42,92,2,4.65
262,Krasnyy Chikoy,RU,2021-10-09 04:54:34,50.3643,108.7512,37.44,69,100,10.51
263,Arraial Do Cabo,BR,2021-10-09 04:53:34,-22.9661,-42.0278,67.96,69,100,10.07
264,Yuksekova,TR,2021-10-09 04:54:35,37.5736,44.2872,36.23,75,0,0.0
265,East London,ZA,2021-10-09 04:54:35,-33.0153,27.9116,61.74,72,0,10.36
266,Taoudenni,ML,2021-10-09 04:50:00,22.6783,-3.9836,85.53,11,66,4.29
267,Ferrol,ES,2021-10-09 04:54:36,43.4832,-8.2369,56.68,90,83,6.64
268,Codrington,AU,2021-10-09 04:54:36,-38.2667,141.9667,58.82,72,91,17.0
269,Sinop,TR,2021-10-09 04:54:36,41.7711,34.8709,54.27,73,96,6.46
270,Camacha,PT,2021-10-09 04:54:37,33.0833,-16.3333,68.76,68,75,10.36
271,Atambua,ID,2021-10-09 04:54:37,-9.1061,124.8925,87.58,45,21,2.21
272,Ahuimanu,US,2021-10-09 04:54:37,21.4447,-157.8378,79.75,67,75,14.97
273,Clyde River,CA,2021-10-09 04:54:38,70.4692,-68.5914,31.95,92,100,10.09
274,Garissa,KE,2021-10-09 04:54:38,-0.4536,39.6401,79.38,70,25,15.73
275,Dengfeng,CN,2021-10-09 04:54:38,34.4553,113.0281,64.13,79,99,4.81
276,Canutama,BR,2021-10-09 04:54:08,-6.5339,-64.3831,72.52,91,67,2.39
277,Naze,JP,2021-10-09 04:54:39,28.3667,129.4833,79.72,83,38,18.75
278,Iqaluit,CA,2021-10-09 04:54:39,63.7506,-68.5145,35.33,87,75,13.0
279,Hervey Bay,AU,2021-10-09 04:54:39,-25.2986,152.8535,81.03,69,0,10.25
280,Vanimo,PG,2021-10-09 04:54:40,-2.6741,141.3028,85.71,73,80,6.96
281,Mangai,CD,2021-10-09 04:54:40,-4.05,19.5333,70.43,95,55,0.29
282,Bara,NG,2021-10-09 04:54:40,10.3744,10.7288,74.52,64,100,1.03
283,Dubbo,AU,2021-10-09 04:54:41,-32.25,148.6167,82.53,32,40,12.66
284,Gravdal,NO,2021-10-09 04:54:41,68.1214,13.5031,51.26,85,100,17.05
285,Copperas Cove,US,2021-10-09 04:54:41,31.1241,-97.9031,74.03,66,1,5.75
286,La Ronge,CA,2021-10-09 04:53:02,55.1001,-105.2842,48.45,61,1,9.22
287,Ullapool,GB,2021-10-09 04:54:42,57.8987,-5.1604,59.34,92,100,4.54
288,Miri,MY,2021-10-09 04:54:42,4.4148,114.0089,91.54,58,20,10.36
289,Tautira,PF,2021-10-09 04:54:43,-17.7333,-149.15,78.82,71,57,1.16
290,Santa Fe,AR,2021-10-09 04:54:43,-31.6333,-60.7,57.97,65,0,6.8
291,Nemuro,JP,2021-10-09 04:54:43,43.3236,145.575,68.43,66,0,1.52
292,Petropavlovsk-Kamchatskiy,RU,2021-10-09 04:54:44,53.0452,158.6483,48.79,46,75,11.18
293,Ushtobe,KZ,2021-10-09 04:54:44,45.2514,77.9838,51.76,27,46,7.65
294,Havoysund,NO,2021-10-09 04:54:44,70.9963,24.6622,38.28,78,100,8.28
295,Vardo,NO,2021-10-09 04:54:45,70.3705,31.1107,38.88,67,100,8.21
296,Basco,PH,2021-10-09 04:54:45,20.4487,121.9702,84.07,79,45,18.81
297,San Cristobal,VE,2021-10-09 04:54:45,7.7669,-72.225,69.98,96,92,2.53
298,Diu,IN,2021-10-09 04:54:46,20.7141,70.9822,85.48,71,100,5.64
299,Hibbing,US,2021-10-09 04:54:46,47.4272,-92.9377,60.22,94,90,5.75
300,Moerai,PF,2021-10-09 04:54:46,-22.4333,-151.3333,75.16,72,90,4.99
301,Isiro,CD,2021-10-09 04:54:47,2.7739,27.616,67.55,98,70,1.5
302,Arona,ES,2021-10-09 04:54:47,28.0996,-16.681,67.75,68,20,6.91
303,Sao Joao Da Barra,BR,2021-10-09 04:54:47,-21.6403,-41.0511,67.42,76,100,6.49
304,Klaksvik,FO,2021-10-09 04:54:48,62.2266,-6.589,50.92,96,100,13.49
305,Narsaq,GL,2021-10-09 04:54:48,60.9167,-46.05,31.5,44,0,6.87
306,Rumoi,JP,2021-10-09 04:54:48,43.9344,141.6428,62.28,49,0,8.46
307,Arys,KZ,2021-10-09 04:54:49,42.4252,68.795,50.22,77,100,7.52
308,Sulangan,PH,2021-10-09 04:54:49,11.1373,123.7228,80.11,79,100,2.1
309,Pangnirtung,CA,2021-10-09 04:54:49,66.1451,-65.7125,34.59,96,100,4.0
310,Otradnoye,RU,2021-10-09 04:54:50,59.7775,30.8181,52.03,75,100,7.11
311,Mwanza,TZ,2021-10-09 04:54:50,-2.5167,32.9,69.85,94,75,0.0
312,Opunake,NZ,2021-10-09 04:54:50,-39.4556,173.8583,57.34,86,33,17.07
313,Itamaraca,BR,2021-10-09 04:54:51,-7.7478,-34.8256,78.85,87,100,8.5
314,Morro Bay,US,2021-10-09 04:53:24,35.3658,-120.8499,56.75,81,0,8.99
315,Kljajicevo,RS,2021-10-09 04:54:51,45.7704,19.2777,46.33,81,100,2.04
316,Taloqan,AF,2021-10-09 04:54:51,36.7361,69.5345,56.73,18,0,5.93
317,Kununurra,AU,2021-10-09 04:54:52,-15.7667,128.7333,102.18,22,3,9.22
318,Terenos,BR,2021-10-09 04:54:52,-20.4422,-54.8603,80.31,69,0,11.5
319,Amahai,ID,2021-10-09 04:54:52,-3.3333,128.9167,82.38,77,82,4.85
320,Taltal,CL,2021-10-09 04:54:53,-25.4,-70.4833,57.97,71,0,0.49
321,Cidreira,BR,2021-10-09 04:54:53,-30.1811,-50.2056,63.1,82,93,17.72
322,Mucurapo,TT,2021-10-09 04:54:54,10.6667,-61.5333,77.97,87,60,7.16
323,Portland,US,2021-10-09 04:51:09,45.5234,-122.6762,52.43,85,1,1.99
324,Katobu,ID,2021-10-09 04:54:54,-4.9408,122.5276,88.68,54,67,3.22
325,Warrington,GB,2021-10-09 04:54:23,53.3925,-2.5802,58.48,95,75,1.99
326,Concarneau,FR,2021-10-09 04:54:55,47.875,-3.9225,52.57,83,77,6.2
327,Homer,US,2021-10-09 04:54:55,59.6425,-151.5483,44.8,88,90,3.0
328,Balkanabat,TM,2021-10-09 04:54:55,39.5108,54.3671,54.46,26,0,1.03
329,Tymovskoye,RU,2021-10-09 04:54:56,50.8456,142.655,49.01,45,52,9.69
330,Tilichiki,RU,2021-10-09 04:54:56,60.4667,166.1,32.11,48,98,8.5
331,Nhulunbuy,AU,2021-10-09 04:54:56,-12.2333,136.7667,90.21,51,40,14.97
332,Deputatskiy,RU,2021-10-09 04:54:57,69.3,139.9,17.47,81,38,3.76
333,Aklavik,CA,2021-10-09 04:54:57,68.2191,-135.0107,34.63,83,18,2.91
334,Grimshaw,CA,2021-10-09 04:53:42,56.1834,-117.6027,41.7,70,20,14.97
335,Pangody,RU,2021-10-09 04:54:57,65.85,74.4859,34.38,85,100,19.01
336,Jalu,LY,2021-10-09 04:54:58,29.0331,21.5482,71.49,31,0,10.04
337,Calvinia,ZA,2021-10-09 04:54:13,-31.4707,19.776,49.8,78,89,7.67
338,Saint-Augustin,CA,2021-10-09 04:54:58,51.226,-58.6502,38.08,84,30,7.54
339,Lonar,IN,2021-10-09 04:54:59,19.9833,76.5333,84.31,61,37,7.54
340,Castelbuono,IT,2021-10-09 04:54:59,37.932,14.0886,60.6,77,10,1.34
341,Awbari,LY,2021-10-09 04:54:59,26.5921,12.7805,71.58,21,0,6.82
342,Gamba,GA,2021-10-09 04:54:17,-2.65,10.0,76.6,91,100,7.18
343,Winchester,GB,2021-10-09 04:55:00,51.0651,-1.3187,52.61,94,5,3.15
344,Hai Duong,VN,2021-10-09 04:55:00,20.9333,106.3167,82.51,76,100,15.86
345,Kavieng,PG,2021-10-09 04:55:00,-2.5744,150.7967,79.79,84,91,9.71
346,Taft,IR,2021-10-09 04:55:01,31.7471,54.2088,57.15,41,0,9.22
347,Baruun-Urt,MN,2021-10-09 04:55:08,46.6806,113.2792,40.3,79,97,8.12
348,Palmer,US,2021-10-09 04:51:56,42.1584,-72.3287,59.63,73,100,3.0
349,College,US,2021-10-09 04:54:51,64.8569,-147.8028,35.58,90,20,4.61
350,Banda Aceh,ID,2021-10-09 04:55:08,5.5577,95.3222,86.34,64,100,16.2
351,Price,US,2021-10-09 04:55:09,39.5994,-110.8107,49.26,93,90,4.61
352,Kloulklubed,PW,2021-10-09 04:55:09,7.0419,134.2556,84.15,72,98,20.4
353,Tongliao,CN,2021-10-09 04:55:09,43.6125,122.2653,64.02,59,91,23.67
354,Koyelga,RU,2021-10-09 04:55:10,54.6522,60.9049,44.4,51,7,10.18
355,Sabha,LY,2021-10-09 04:55:10,27.0377,14.4283,71.55,19,0,14.29
356,Marfino,RU,2021-10-09 04:55:10,55.7028,37.3822,40.08,83,0,4.47
357,Cayenne,GF,2021-10-09 04:50:33,4.9333,-52.3333,82.09,84,0,2.3
358,Horsham,GB,2021-10-09 04:55:11,51.064,-0.3272,52.29,93,90,1.14
359,Viedma,AR,2021-10-09 04:52:53,-40.8135,-62.9967,53.73,55,0,12.8
360,Fare,PF,2021-10-09 04:55:11,-16.7,-151.0167,78.39,69,3,3.58
361,Konskie,PL,2021-10-09 04:55:12,51.1917,20.4061,37.24,71,0,6.89
362,Soyo,AO,2021-10-09 04:55:12,-6.1349,12.3689,76.42,85,94,7.27
363,Raudeberg,NO,2021-10-09 04:55:12,61.9875,5.1352,64.18,91,100,13.0
364,Nicoya,CR,2021-10-09 04:55:13,10.1483,-85.452,72.95,93,95,1.01
365,Ayia Galini,GR,2021-10-09 04:55:13,35.1,24.6833,68.95,79,0,3.0
366,Alkhan-Churt,RU,2021-10-09 04:55:13,43.35,44.78,44.06,82,98,3.94
367,Araure,VE,2021-10-09 04:55:14,9.5601,-69.2148,73.9,92,100,2.53
368,Atbasar,KZ,2021-10-09 04:55:14,51.8,68.3333,47.26,51,0,7.14
369,Xining,CN,2021-10-09 04:55:15,36.6167,101.7667,48.31,57,79,7.36
370,Marienburg,PL,2021-10-09 04:55:15,54.0359,19.0266,42.96,65,1,4.45
371,Lishu,CN,2021-10-09 04:55:15,43.3047,124.3278,58.53,91,100,13.49
372,Faya,SA,2021-10-09 04:55:16,18.3851,42.4509,63.12,49,97,11.41
373,Dandong,CN,2021-10-09 04:53:38,40.1292,124.3947,61.14,94,100,7.14
374,Puro,PH,2021-10-09 04:55:16,12.4841,123.3827,81.21,80,100,10.63
375,Omboue,GA,2021-10-09 04:55:16,-1.5746,9.2618,76.78,90,100,8.14
376,Zhireken,RU,2021-10-09 04:55:17,52.8249,117.3076,43.68,42,93,5.86
377,Perth,AU,2021-10-09 04:50:28,-31.9333,115.8333,68.04,41,0,8.05
378,Celestun,MX,2021-10-09 04:55:17,20.8667,-90.4,80.46,82,100,11.14
379,Akdepe,TM,2021-10-09 04:55:18,42.0551,59.3788,44.6,41,6,15.88
380,Shitanjing,CN,2021-10-09 04:55:18,39.2342,106.3439,43.21,26,33,27.27
381,Riyadh,SA,2021-10-09 04:55:18,24.6877,46.7219,75.34,15,0,5.93
382,Aborlan,PH,2021-10-09 04:55:19,9.4352,118.5492,87.91,62,99,7.94
383,Koslan,RU,2021-10-09 04:55:19,63.4564,48.8989,36.25,84,99,5.7
384,Rundu,NA,2021-10-09 04:55:19,-17.9333,19.7667,71.53,46,4,3.31
385,Dingle,PH,2021-10-09 04:55:20,10.9995,122.6711,79.03,85,100,2.15
386,Ranghulu,CN,2021-10-09 04:55:20,46.65,124.8667,65.79,49,99,19.3
387,North Bend,US,2021-10-09 04:55:20,43.4065,-124.2243,52.92,95,90,6.91
388,Batagay,RU,2021-10-09 04:55:21,67.6333,134.6333,28.29,56,89,7.34
389,Nelson Bay,AU,2021-10-09 04:55:21,-32.7167,152.15,85.77,54,3,13.91
390,Nema,RU,2021-10-09 04:55:21,57.5067,50.5011,41.18,81,100,5.3
391,Manzanillo,CU,2021-10-09 04:55:22,20.3433,-77.1167,74.91,93,21,7.31
392,Hamilton,US,2021-10-09 04:54:41,39.1834,-84.5333,66.78,93,90,0.0
393,Tamalameque,CO,2021-10-09 04:55:22,8.8522,-73.8123,75.2,94,74,1.54
394,Muroto,JP,2021-10-09 04:55:23,33.2833,134.15,82.44,71,1,14.45
395,Matay,EG,2021-10-09 04:55:23,28.419,30.7792,69.06,73,0,15.43
396,Vallenar,CL,2021-10-09 04:55:23,-28.5708,-70.7581,52.66,64,0,0.87
397,Matara,LK,2021-10-09 04:55:24,5.9485,80.5353,85.78,66,87,12.84
398,Coatzintla,MX,2021-10-09 04:55:24,20.4833,-97.45,72.41,89,39,3.47
399,Tiznit,MA,2021-10-09 04:55:24,29.5833,-9.5,61.34,64,100,1.43
400,Samarai,PG,2021-10-09 04:55:25,-10.6167,150.6667,80.69,82,44,17.43
401,Port Blair,IN,2021-10-09 04:55:25,11.6667,92.75,80.24,86,100,19.22
402,Auray,FR,2021-10-09 04:55:25,47.6703,-2.9918,49.28,93,5,8.14
403,Sola,VU,2021-10-09 04:55:26,-13.8833,167.55,80.02,80,78,19.8
404,Rocha,UY,2021-10-09 04:51:54,-34.4833,-54.3333,43.18,86,38,0.92
405,Bourail,NC,2021-10-09 04:55:26,-21.5667,165.4833,75.11,55,3,13.4
406,Camacupa,AO,2021-10-09 04:55:26,-12.0167,17.4833,70.12,47,75,1.19
407,Bayji,IQ,2021-10-09 04:55:27,34.9311,43.487,74.66,16,0,6.44
408,Launceston,AU,2021-10-09 04:55:27,-41.45,147.1667,63.61,65,90,8.99
409,Talcahuano,CL,2021-10-09 04:55:27,-36.7167,-73.1167,51.48,87,0,10.36
410,Saint-Georges,GD,2021-10-09 04:55:28,12.0564,-61.7485,78.48,89,40,2.3
411,Gat,IL,2021-10-09 04:52:00,31.61,34.7642,72.39,62,0,2.44
412,Bovolone,IT,2021-10-09 04:55:28,45.2548,11.1263,59.95,79,100,5.44
413,Yining,CN,2021-10-09 04:55:29,29.0361,114.5636,71.73,91,100,3.13
414,Berlevag,NO,2021-10-09 04:55:29,70.8578,29.0864,37.13,73,100,9.28
415,Marevo,RU,2021-10-09 04:55:29,57.3146,32.0804,36.41,79,83,4.88
416,Muros,ES,2021-10-09 04:55:30,42.7762,-9.0603,63.84,72,72,6.62
417,San Jose,US,2021-10-09 04:52:31,37.3394,-121.895,58.87,72,75,1.01
418,Clarence Town,AU,2021-10-09 04:55:30,-32.5833,151.7833,88.05,23,2,7.61
419,Bud,US,2021-10-09 04:55:30,39.447,-86.1758,64.9,96,23,4.41
420,Masuguru,TZ,2021-10-09 04:55:31,-11.3667,38.4167,75.36,65,1,4.21
421,Egvekinot,RU,2021-10-09 04:55:31,66.3167,-179.1667,19.58,86,100,12.64
422,Marsh Harbour,BS,2021-10-09 04:55:31,26.5412,-77.0636,81.57,63,100,1.39
423,Kuybysheve,UA,2021-10-09 04:55:32,47.358,36.6491,40.53,41,80,17.07
424,Menongue,AO,2021-10-09 04:55:32,-14.6585,17.691,65.17,64,47,2.55
425,Saint Anthony,US,2021-10-09 04:55:32,45.0205,-93.218,65.25,90,75,1.99
426,Bac Lieu,VN,2021-10-09 04:55:33,9.285,105.7244,85.37,72,99,18.72
427,La Union,PE,2021-10-09 04:55:33,-5.4,-80.75,65.77,81,37,10.74
428,Rio Muerto,MX,2021-10-09 04:54:23,27.4167,-110.2333,84.92,54,1,11.86
429,Westport,US,2021-10-09 04:52:30,41.1415,-73.3579,65.25,86,75,1.01
430,Isangel,VU,2021-10-09 04:55:34,-19.55,169.2667,78.91,61,77,9.22
431,Fairbanks,US,2021-10-09 04:55:34,64.8378,-147.7164,35.6,89,20,4.61
432,Saint George,US,2021-10-09 04:55:34,37.1041,-113.5841,63.07,95,20,0.0
433,Kempele,FI,2021-10-09 04:55:35,64.9131,25.5034,48.22,93,90,3.44
434,Kaitong,CN,2021-10-09 04:55:35,44.8135,123.15,62.22,69,87,21.52
435,Gabu,GW,2021-10-09 04:55:35,12.2833,-14.2167,76.28,94,95,4.36
436,Balingasay,PH,2021-10-09 04:55:36,16.3573,119.8564,84.15,70,82,3.31
437,Teknaf,BD,2021-10-09 04:55:36,20.8624,92.3058,86.32,72,9,3.4
438,Wagar,SD,2021-10-09 04:55:36,16.1525,36.2032,86.85,42,67,5.91
439,Port Hedland,AU,2021-10-09 04:55:37,-20.3167,118.5667,87.85,42,0,17.27
440,Kameyama,JP,2021-10-09 04:55:37,34.85,136.45,86.63,66,5,7.02
441,Nova Vicosa,BR,2021-10-09 04:55:37,-17.8919,-39.3719,73.36,75,100,12.41
442,Pasni,PK,2021-10-09 04:55:38,25.2631,63.471,82.8,65,0,1.86
443,Kuopio,FI,2021-10-09 04:55:38,62.8924,27.677,51.75,93,90,6.91
444,Port Elizabeth,ZA,2021-10-09 04:55:38,-33.918,25.5701,61.09,82,0,26.46
445,Kachug,RU,2021-10-09 04:55:39,53.9606,105.8817,42.4,55,89,7.07
446,Steinbach,DE,2021-10-09 04:55:39,50.1667,8.5667,49.64,85,0,6.91
447,Tiksi,RU,2021-10-09 04:55:39,71.6872,128.8694,26.92,66,100,12.19
448,Antofagasta,CL,2021-10-09 04:55:40,-23.65,-70.4,56.48,74,2,7.36
449,Tecoman,MX,2021-10-09 04:55:40,18.9167,-103.8833,79.23,91,96,3.58
450,Margate,GB,2021-10-09 04:55:40,51.3813,1.3862,54.7,82,8,1.01
451,Bluefield,US,2021-10-09 04:54:16,37.2698,-81.2223,62.1,95,90,1.01
452,Alyangula,AU,2021-10-09 04:55:41,-13.8483,136.4192,91.27,52,75,10.36
453,Simimbaan,PH,2021-10-09 04:55:41,17.1157,121.5824,88.21,64,93,5.61
454,Nador,MA,2021-10-09 04:55:41,35.174,-2.9287,68.25,77,75,3.44
455,Pringsewu,ID,2021-10-09 04:55:42,-5.3582,104.9744,92.05,50,48,3.44
456,Mayo,US,2021-10-09 04:55:42,38.8876,-76.5119,68.23,88,100,5.99
457,Slatina,RO,2021-10-09 04:55:42,44.4333,24.3667,45.28,78,100,10.8
458,Olafsvik,IS,2021-10-09 04:55:43,64.8945,-23.7142,45.01,89,100,18.81
459,Caborca,MX,2021-10-09 04:55:43,30.5838,-111.101,75.74,43,0,3.91
460,Qaqortoq,GL,2021-10-09 04:55:44,60.7167,-46.0333,34.72,51,0,6.49
461,Muyezerskiy,RU,2021-10-09 04:55:44,63.9333,31.65,48.42,94,100,8.05
462,Wardenburg,DE,2021-10-09 04:55:44,53.0667,8.2,50.2,95,1,1.99
463,Vostok,RU,2021-10-09 04:55:45,46.4856,135.8833,58.41,39,76,3.71
464,Kathmandu,NP,2021-10-09 04:53:00,27.7167,85.3167,77.22,69,20,3.44
465,Lao Cai,VN,2021-10-09 04:55:45,22.4833,103.95,93.18,42,96,1.21
466,Turka,UA,2021-10-09 04:55:46,49.1541,23.0297,35.26,65,2,3.67
467,Taldan,RU,2021-10-09 04:55:46,53.6667,124.8,42.93,61,100,4.07
468,Sao Felix Do Xingu,BR,2021-10-09 04:55:46,-6.6447,-51.995,79.09,51,83,1.95
469,Lagoa,PT,2021-10-09 04:55:46,39.05,-27.9833,68.25,70,7,10.16
470,Chipinge,ZW,2021-10-09 04:55:47,-20.1883,32.6236,73.29,45,0,2.1
471,Chifeng,CN,2021-10-09 04:55:47,42.2683,118.9636,66.81,48,80,13.15
472,Zhigansk,RU,2021-10-09 04:55:48,66.7697,123.3711,32.5,99,100,20.54
473,Jiaozuo,CN,2021-10-09 04:55:48,35.2397,113.2331,69.58,67,75,7.87
474,Sinjar,IQ,2021-10-09 04:55:48,36.3209,41.8754,72.82,15,0,2.68
475,Lerwick,GB,2021-10-09 04:55:49,60.1545,-1.1494,53.6,96,100,14.67
476,Cornwall,CA,2021-10-09 04:54:46,45.0181,-74.7281,65.44,90,77,5.28
477,Velsk,RU,2021-10-09 04:55:50,61.0701,42.0983,45.14,91,100,7.78
478,Svetlogorsk,BY,2021-10-09 04:55:50,52.6333,29.7333,35.38,82,0,5.88
479,Jaruco,CU,2021-10-09 04:55:50,23.0431,-82.0108,76.32,82,100,5.79
480,Paracuru,BR,2021-10-09 04:55:51,-3.41,-39.0306,80.62,77,100,13.15
481,Chlorakas,CY,2021-10-09 04:55:51,34.8042,32.4083,65.28,68,0,6.91
482,Gilgit,PK,2021-10-09 04:55:51,35.9221,74.3087,72.72,27,11,3.29
483,Puerto Baquerizo Moreno,EC,2021-10-09 04:52:46,-0.9,-89.6,68.36,85,100,12.64
484,Puerto Madryn,AR,2021-10-09 04:55:52,-42.7692,-65.0385,61.7,33,4,13.67
485,Kabanjahe,ID,2021-10-09 04:55:52,3.1001,98.4908,74.16,50,72,4.54
486,Ginir,ET,2021-10-09 04:55:52,7.1333,40.7,63.05,77,82,5.03
487,Hauterive,FR,2021-10-09 04:55:53,46.0901,3.4459,51.58,98,6,0.58
488,Dinguiraye,GN,2021-10-09 04:55:53,11.3,-10.7167,69.42,94,99,1.61
489,Aden,YE,2021-10-09 04:55:54,12.7794,45.0367,85.24,68,99,12.03
490,Ayia Paraskevi,GR,2021-10-09 04:55:54,40.4833,23.05,61.75,79,75,1.01
491,Grand Gaube,MU,2021-10-09 04:51:05,-20.0064,57.6608,74.37,69,5,8.01
492,Ballina,AU,2021-10-09 04:53:11,-28.8667,153.5667,86.18,69,0,17.27
493,Nouadhibou,MR,2021-10-09 04:55:14,20.931,-17.0347,74.97,61,83,14.7
494,Rincon,US,2021-10-09 04:53:35,32.296,-81.2354,73.85,99,75,5.75
495,Port Macquarie,AU,2021-10-09 04:55:55,-31.4333,152.9167,85.37,63,0,14.58
496,Selikhino,RU,2021-10-09 04:55:55,50.3672,137.4996,55.96,45,99,14.52
497,Goma,CD,2021-10-09 04:55:55,-1.6792,29.2228,67.91,74,26,1.16
498,Santa Lucia,ES,2021-10-09 04:55:56,27.9117,-15.5407,64.11,77,20,13.8
499,Hami,CN,2021-10-09 04:55:56,42.8,93.45,44.1,34,0,4.7
500,Dasoguz,TM,2021-10-09 04:55:57,41.8363,59.9666,41.11,56,0,11.5
501,Dingzhou,CN,2021-10-09 04:55:57,38.5131,114.9956,59.11,72,100,3.62
502,Chernyshevskiy,RU,2021-10-09 04:55:57,63.0128,112.4714,33.73,96,100,14.47
503,Rawson,AR,2021-10-09 04:55:58,-43.3002,-65.1023,60.53,41,32,9.82
504,Tobolsk,RU,2021-10-09 04:55:58,58.2,68.2667,45.25,66,54,13.35
505,Lavrentiya,RU,2021-10-09 04:55:58,65.5833,-171.0,33.85,80,100,21.81
506,Vao,NC,2021-10-09 04:55:59,-22.6667,167.4833,69.73,69,97,17.49
507,Kashi,CN,2021-10-09 04:55:59,39.4547,75.9797,49.21,34,40,11.18
508,Kuandian,CN,2021-10-09 04:55:59,40.7286,124.7847,57.07,98,100,3.29
509,Machaneng,BW,2021-10-09 04:56:00,-23.1862,27.4886,73.69,55,0,8.25
510,Okhotsk,RU,2021-10-09 04:56:00,59.3833,143.3,34.92,66,7,11.21
511,Comodoro Rivadavia,AR,2021-10-09 04:53:41,-45.8667,-67.5,58.86,41,0,18.41
512,Zamora,EC,2021-10-09 04:56:00,-4.0692,-78.9567,65.62,98,91,2.37
513,Tanga,TZ,2021-10-09 04:56:01,-5.0667,39.1,79.41,74,55,8.43
514,Nagato,JP,2021-10-09 04:56:01,34.3833,131.2,80.55,66,0,5.55
515,Lazaro Cardenas,MX,2021-10-09 04:56:02,17.9583,-102.2,79.05,87,86,5.08
516,Monterey,US,2021-10-09 04:56:02,36.2505,-121.2516,51.06,77,0,6.33
517,Tobol,KZ,2021-10-09 04:56:03,52.6844,62.5794,45.52,42,0,6.87
518,Middlesbrough,GB,2021-10-09 04:52:10,54.5762,-1.2348,58.55,79,45,6.76
519,Doka,SD,2021-10-09 04:56:03,13.5167,35.7667,77.52,79,33,7.11
520,Oksfjord,NO,2021-10-09 04:56:04,70.2396,22.3479,38.32,89,100,6.13
521,Labuhan,ID,2021-10-09 04:56:04,-6.8844,112.2051,90.59,48,43,9.13
522,Gizo,SB,2021-10-09 04:56:04,-8.103,156.8419,82.33,77,85,7.07
523,Inhambane,MZ,2021-10-09 04:56:05,-23.865,35.3833,73.94,65,0,11.92
524,Puerto Escondido,MX,2021-10-09 04:56:05,15.85,-97.0667,79.79,75,100,4.5
525,Ajdabiya,LY,2021-10-09 04:56:05,30.7554,20.2263,72.27,31,0,7.43
526,Sinnamary,GF,2021-10-09 04:56:06,5.3833,-52.95,79.65,84,97,9.86
527,Seydi,TM,2021-10-09 04:56:06,39.4816,62.9137,52.09,26,1,13.53
528,Komsomolskiy,UZ,2021-10-09 04:56:07,40.4272,71.7189,56.12,62,71,4.61
529,Bardstown,US,2021-10-09 04:56:07,37.8092,-85.4669,65.34,98,75,0.0
530,Goalpara,IN,2021-10-09 04:56:08,26.1667,90.6167,87.55,68,5,3.04
531,Vila Nova De Milfontes,PT,2021-10-09 04:56:08,37.7238,-8.7828,60.26,80,49,6.06
532,Opuwo,NA,2021-10-09 04:56:08,-18.0607,13.84,67.51,27,19,3.51
533,Marsa Matruh,EG,2021-10-09 04:56:09,31.3525,27.2453,69.66,68,0,3.36
534,Teguldet,RU,2021-10-09 04:56:09,57.3064,88.1667,46.65,72,89,17.52
535,Vihti,FI,2021-10-09 04:56:10,60.417,24.3197,53.53,97,100,7.0
536,Touros,BR,2021-10-09 04:56:10,-5.1989,-35.4608,79.7,80,96,11.54
537,Maniitsoq,GL,2021-10-09 04:56:10,65.4167,-52.9,32.07,47,8,6.55
538,Macas,EC,2021-10-09 04:56:11,-2.3167,-78.1167,64.72,96,72,3.49
539,Ambon,ID,2021-10-09 04:56:11,-3.6954,128.1814,82.54,89,40,4.61
540,Sirari,TZ,2021-10-09 04:56:12,-1.2333,34.4333,69.06,67,75,7.83
541,Narodychi,UA,2021-10-09 04:56:12,51.2029,29.0823,34.66,71,17,6.73
542,Hobyo,SO,2021-10-09 04:56:12,5.3505,48.5268,80.83,74,34,17.49
543,Mangrol,IN,2021-10-09 04:56:13,21.1167,70.1167,85.5,70,84,5.19
544,Aquiraz,BR,2021-10-09 04:56:13,-3.9014,-38.3911,84.22,69,96,13.18
545,Biak,ID,2021-10-09 04:56:13,-0.9131,122.8766,84.0,65,21,6.96
546,Tebingtinggi,ID,2021-10-09 04:56:14,3.3285,99.1625,87.85,54,80,3.56
547,Sambava,MG,2021-10-09 04:54:18,-14.2667,50.1667,75.15,67,71,15.48
